id,month,category,language,hashtag
100,January,Technology,en,#tech
101,January,Technology,en,#tech
102,February,National,fr,#national
103,February,National,fr,#national
104,February,Religion,es,#religion
105,March,Religion,es,#religion
106,April,Technology,de,#tech
107,May,Technology,de,#tech
108,May,Technology,en,#tech
109,January,Religion,en,#religion
111,January,Religion,en,#religion
112,January,Religion,en,#religion
113,January,Technology,en,#tech
114,January,Technology,en,#tech
115,February,National,fr,#national
116,February,National,fr,#national
117,February,Religion,es,#religion
118,March,Religion,es,#religion
119,April,Technology,de,#tech
120,May,Technology,de,#tech
121,May,Technology,en,#tech
122,January,Religion,en,#religion
123,January,Religion,en,#religion
124,January,Religion,en,#religion
125,June,Religion,es,#religion
126,June,Religion,es,#religion
127,July,Technology,de,#tech
128,July,Technology,de,#tech
129,August,Technology,en,#tech
130,September,Religion,en,#religion
131,October,Religion,en,#religion
132,October,Religion,en,#religion
133,November,Religion,en,#religion
134,December,Religion,en,#religion
135,December,Religion,en,#religion
136,December,Religion,en,#religion
137,December,Religion,en,#religion
138,December,Religion,en,#religion
